epoch,step,train_loss_step,validation_loss
0,49,141.5504150390625,
0,99,116.30490112304688,
0,99,,113.93904876708984
