epoch,step,train_loss_epoch,train_loss_step,val_loss
0,49,,116.78353881835938,
0,99,,102.12757873535156,
0,99,,,114.26355743408203
0,99,132.91278076171875,,
1,149,,111.70046997070312,
1,199,,122.71879577636719,
1,199,,,108.32965087890625
1,199,109.77839660644531,,
2,249,,121.95150756835938,
2,299,,110.4043960571289,
2,299,,,104.54322814941406
2,299,105.12617492675781,,
3,349,,99.3773193359375,
