epoch,step,test_error,test_loss
0,0,0.16311222314834595,26.919200897216797
